{
    "shops": [
        {
            "name": "starbucks",
            "address": "123 4th St. Santa Monica, CA 90234",
            "phone": "(818) 438-9832",
            "imageUrl": "http://www.fodors.com/ee/files/slideshows/9-colectivo-coffee.jpg",
            "menu": [
                {
                    "displayName": "Hot Drinks",
                    "slug": "hot-drinks",
                    "items": [
                        {
                            "name": "Latte",
                            "price": 2.95,
                            "options": ["milkType", "size", "quantity", "decaf"],
                            "id": "latte"
                        },
                        {
                            "name": "Americano",
                            "price": 2.50,
                            "options": ["size", "quantity", "decaf"],
                            "id": "americano"
                        },
                        {
                            "name": "Cappucino",
                            "price": 3.05,
                            "options": ["milkType", "size", "quantity", "decaf"],
                            "id": "cappucino"
                        },
                        {
                            "name": "Espresso",
                            "price": 2.50,
                            "options": ["milkType", "size", "quantity", "decaf"],
                            "id": "espresso"
                        },
                        {
                            "name": "Macchiato",
                            "price": 3.50,
                            "options": ["milkType", "size", "quantity", "decaf"],
                            "id": "macchiato"
                        }
                    ]
                },

                {
                    "displayName": "Cold Drinks",
                    "slug": "cold-drinks",
                    "items": [
                        {
                            "name": "Iced Latte",
                            "price": 2.95,
                            "options": ["milkType", "size", "quantity", "decaf"],
                            "id": "iced-latte"
                        },
                        {
                            "name": "Iced Mocha",
                            "price": 2.50,
                            "options": ["milkType", "size", "quantity", "decaf"],
                            "id": "iced-mocha"
                        },
                        {
                            "name": "Iced Chai",
                            "price": 3.05,
                            "options": ["milkType", "size", "quantity", "decaf"],
                            "id": "iced-chai"
                        },
                        {
                            "name": "Iced Coffee",
                            "price": 2.50,
                            "options": ["milkType", "size", "quantity", "decaf"],
                            "id": ""
                        },
                        {
                            "name": "Frappe",
                            "price": 3.50,
                            "options": ["milkType", "size", "quantity", "decaf"],
                            "id": "frappe"
                        }
                    ]
                },

                {
                    "displayName": "Tea",
                    "slug": "tea",
                    "items": [
                        {
                            "name": "Green",
                            "price": 2.95,
                            "options": ["size", "quantity", "hotOrCold"],
                            "id": "green"
                        },
                        {
                            "name": "Jasmine Green",
                            "price": 2.50,
                            "options": ["size", "quantity", "hotOrCold"],
                            "id": "jasmine-green"
                        },
                        {
                            "name": "Chai",
                            "price": 3.05,
                            "options": ["size", "quantity", "hotOrCold"],
                            "id": "chai"
                        },
                        {
                            "name": "Mint",
                            "price": 2.50,
                            "options": ["size", "quantity", "hotOrCold"],
                            "id": "mint"
                        },
                        {
                            "name": "Chamomile",
                            "price": 3.50,
                            "options": ["size", "quantity", "hotOrCold"],
                            "id": "chamomile"
                        }
                    ]
                },

                {
                    "displayName": "Bakery",
                    "slug": "bakery",
                    "items": [
                        {
                            "name": "Croissant",
                            "price": 2.95,
                            "options": ["quantity"],
                            "id": "croissant"
                        },
                        {
                            "name": "Banana Muffin",
                            "price": 2.50,
                            "options": ["quantity"],
                            "id": "banana-muffin"
                        },
                        {
                            "name": "Blueberry Scone",
                            "price": 3.05,
                            "options": ["quantity"],
                            "id": "blueberry-scone"
                        },
                        {
                            "name": "Carrot Cake",
                            "price": 2.50,
                            "options": ["quantity"],
                            "id": "carrot-cake"
                        },
                        {
                            "name": "Home-Made Cookies",
                            "price": 3.50,
                            "options": ["quantity"],
                            "id": "home-made-cookies"
                        }
                    ]
                }
            ]
        },
        {
            "name": "beanscene",
            "address": "255 Alvera St. Los Angeles, CA 98654",
            "phone": "(818) 438-9832",
            "imageUrl": "https://upload.wikimedia.org/wikipedia/commons/9/95/Inside_the_Coffee_Shop,_Parliament_House,_Dolgellau_-_geograph.org.uk_-_1708041.jpg",
            "menu": [
                {
                    "displayName": "Hot Drinks",
                    "slug": "hot-drinks",
                    "items": [
                        {
                            "name": "Latte",
                            "price": 2.95,
                            "options": ["milkType", "size", "quantity", "decaf"],
                            "id": "latte"
                        },
                        {
                            "name": "Americano",
                            "price": 2.50,
                            "options": ["size", "quantity", "decaf"],
                            "id": "americano"
                        },
                        {
                            "name": "Cappucino",
                            "price": 3.05,
                            "options": ["milkType", "size", "quantity", "decaf"],
                            "id": "cappucino"
                        },
                        {
                            "name": "Espresso",
                            "price": 2.50,
                            "options": ["milkType", "size", "quantity", "decaf"],
                            "id": "espresso"
                        },
                        {
                            "name": "Macchiato",
                            "price": 3.50,
                            "options": ["milkType", "size", "quantity", "decaf"],
                            "id": "macchiato"
                        }
                    ]
                },

                {
                    "displayName": "Cold Drinks",
                    "slug": "cold-drinks",
                    "items": [
                        {
                            "name": "Iced Latte",
                            "price": 2.95,
                            "options": ["milkType", "size", "quantity", "decaf"],
                            "id": "iced-latte"
                        },
                        {
                            "name": "Iced Mocha",
                            "price": 2.50,
                            "options": ["milkType", "size", "quantity", "decaf"],
                            "id": "iced-mocha"
                        },
                        {
                            "name": "Iced Chai",
                            "price": 3.05,
                            "options": ["milkType", "size", "quantity", "decaf"],
                            "id": "iced-chai"
                        },
                        {
                            "name": "Iced Coffee",
                            "price": 2.50,
                            "options": ["milkType", "size", "quantity", "decaf"],
                            "id": ""
                        },
                        {
                            "name": "Frappe",
                            "price": 3.50,
                            "options": ["milkType", "size", "quantity", "decaf"],
                            "id": "frappe"
                        }
                    ]
                },

                {
                    "displayName": "Tea",
                    "slug": "tea",
                    "items": [
                        {
                            "name": "Green",
                            "price": 2.95,
                            "options": ["size", "quantity", "hotOrCold"],
                            "id": "green"
                        },
                        {
                            "name": "Jasmine Green",
                            "price": 2.50,
                            "options": ["size", "quantity", "hotOrCold"],
                            "id": "jasmine-green"
                        },
                        {
                            "name": "Chai",
                            "price": 3.05,
                            "options": ["size", "quantity", "hotOrCold"],
                            "id": "chai"
                        },
                        {
                            "name": "Mint",
                            "price": 2.50,
                            "options": ["size", "quantity", "hotOrCold"],
                            "id": "mint"
                        },
                        {
                            "name": "Chamomile",
                            "price": 3.50,
                            "options": ["size", "quantity", "hotOrCold"],
                            "id": "chamomile"
                        }
                    ]
                },

                {
                    "displayName": "Bakery",
                    "slug": "bakery",
                    "items": [
                        {
                            "name": "Croissant",
                            "price": 2.95,
                            "options": ["quantity"],
                            "id": "croissant"
                        },
                        {
                            "name": "Banana Muffin",
                            "price": 2.50,
                            "options": ["quantity"],
                            "id": "banana-muffin"
                        },
                        {
                            "name": "Blueberry Scone",
                            "price": 3.05,
                            "options": ["quantity"],
                            "id": "blueberry-scone"
                        },
                        {
                            "name": "Carrot Cake",
                            "price": 2.50,
                            "options": ["quantity"],
                            "id": "carrot-cake"
                        },
                        {
                            "name": "Home-Made Cookies",
                            "price": 3.50,
                            "options": ["quantity"],
                            "id": "home-made-cookies"
                        }
                    ]
                }
            ]
        },
        {
            "name": "tifa",
            "address": "6785 Huntington St. Venice, CA 90233",
            "phone": "(818) 438-9832",
            "imageUrl": "https://cdn1.vox-cdn.com/thumbor/D7jAbLqhca3vAJ20SbXyJH_Dv3I=/0x120:960x840/800x600/filters:format(webp)/cdn0.vox-cdn.com/uploads/chorus_image/image/45736528/compass_coffee.0.0.jpg",
            "menu": [
                {
                    "displayName": "Hot Drinks",
                    "slug": "hot-drinks",
                    "items": [
                        {
                            "name": "Latte",
                            "price": 2.95,
                            "options": ["milkType", "size", "quantity", "decaf"],
                            "id": "latte"
                        },
                        {
                            "name": "Americano",
                            "price": 2.50,
                            "options": ["size", "quantity", "decaf"],
                            "id": "americano"
                        },
                        {
                            "name": "Cappucino",
                            "price": 3.05,
                            "options": ["milkType", "size", "quantity", "decaf"],
                            "id": "cappucino"
                        },
                        {
                            "name": "Espresso",
                            "price": 2.50,
                            "options": ["milkType", "size", "quantity", "decaf"],
                            "id": "espresso"
                        },
                        {
                            "name": "Macchiato",
                            "price": 3.50,
                            "options": ["milkType", "size", "quantity", "decaf"],
                            "id": "macchiato"
                        }
                    ]
                },

                {
                    "displayName": "Cold Drinks",
                    "slug": "cold-drinks",
                    "items": [
                        {
                            "name": "Iced Latte",
                            "price": 2.95,
                            "options": ["milkType", "size", "quantity", "decaf"],
                            "id": "iced-latte"
                        },
                        {
                            "name": "Iced Mocha",
                            "price": 2.50,
                            "options": ["milkType", "size", "quantity", "decaf"],
                            "id": "iced-mocha"
                        },
                        {
                            "name": "Iced Chai",
                            "price": 3.05,
                            "options": ["milkType", "size", "quantity", "decaf"],
                            "id": "iced-chai"
                        },
                        {
                            "name": "Iced Coffee",
                            "price": 2.50,
                            "options": ["milkType", "size", "quantity", "decaf"],
                            "id": ""
                        },
                        {
                            "name": "Frappe",
                            "price": 3.50,
                            "options": ["milkType", "size", "quantity", "decaf"],
                            "id": "frappe"
                        }
                    ]
                },

                {
                    "displayName": "Tea",
                    "slug": "tea",
                    "items": [
                        {
                            "name": "Green",
                            "price": 2.95,
                            "options": ["size", "quantity", "hotOrCold"],
                            "id": "green"
                        },
                        {
                            "name": "Jasmine Green",
                            "price": 2.50,
                            "options": ["size", "quantity", "hotOrCold"],
                            "id": "jasmine-green"
                        },
                        {
                            "name": "Chai",
                            "price": 3.05,
                            "options": ["size", "quantity", "hotOrCold"],
                            "id": "chai"
                        },
                        {
                            "name": "Mint",
                            "price": 2.50,
                            "options": ["size", "quantity", "hotOrCold"],
                            "id": "mint"
                        },
                        {
                            "name": "Chamomile",
                            "price": 3.50,
                            "options": ["size", "quantity", "hotOrCold"],
                            "id": "chamomile"
                        }
                    ]
                },

                {
                    "displayName": "Bakery",
                    "slug": "bakery",
                    "items": [
                        {
                            "name": "Croissant",
                            "price": 2.95,
                            "options": ["quantity"],
                            "id": "croissant"
                        },
                        {
                            "name": "Banana Muffin",
                            "price": 2.50,
                            "options": ["quantity"],
                            "id": "banana-muffin"
                        },
                        {
                            "name": "Blueberry Scone",
                            "price": 3.05,
                            "options": ["quantity"],
                            "id": "blueberry-scone"
                        },
                        {
                            "name": "Carrot Cake",
                            "price": 2.50,
                            "options": ["quantity"],
                            "id": "carrot-cake"
                        },
                        {
                            "name": "Home-Made Cookies",
                            "price": 3.50,
                            "options": ["quantity"],
                            "id": "home-made-cookies"
                        }
                    ]
                }
            ]
        },
        {
            "name": "coffeeBean",
            "address": "2433 Soju st. Venice, CA 90235",
            "phone": "(818) 438-9832",
            "imageUrl": "http://cdn.offtrackplanet.com/legacy/uploads/2010/08/coffee.jpg",
            "menu": [
                {
                    "displayName": "Hot Drinks",
                    "slug": "hot-drinks",
                    "items": [
                        {
                            "name": "Latte",
                            "price": 2.95,
                            "options": ["milkType", "size", "quantity", "decaf"],
                            "id": "latte"
                        },
                        {
                            "name": "Americano",
                            "price": 2.50,
                            "options": ["size", "quantity", "decaf"],
                            "id": "americano"
                        },
                        {
                            "name": "Cappucino",
                            "price": 3.05,
                            "options": ["milkType", "size", "quantity", "decaf"],
                            "id": "cappucino"
                        },
                        {
                            "name": "Espresso",
                            "price": 2.50,
                            "options": ["milkType", "size", "quantity", "decaf"],
                            "id": "espresso"
                        },
                        {
                            "name": "Macchiato",
                            "price": 3.50,
                            "options": ["milkType", "size", "quantity", "decaf"],
                            "id": "macchiato"
                        }
                    ]
                },

                {
                    "displayName": "Cold Drinks",
                    "slug": "cold-drinks",
                    "items": [
                        {
                            "name": "Iced Latte",
                            "price": 2.95,
                            "options": ["milkType", "size", "quantity", "decaf"],
                            "id": "iced-latte"
                        },
                        {
                            "name": "Iced Mocha",
                            "price": 2.50,
                            "options": ["milkType", "size", "quantity", "decaf"],
                            "id": "iced-mocha"
                        },
                        {
                            "name": "Iced Chai",
                            "price": 3.05,
                            "options": ["milkType", "size", "quantity", "decaf"],
                            "id": "iced-chai"
                        },
                        {
                            "name": "Iced Coffee",
                            "price": 2.50,
                            "options": ["milkType", "size", "quantity", "decaf"],
                            "id": ""
                        },
                        {
                            "name": "Frappe",
                            "price": 3.50,
                            "options": ["milkType", "size", "quantity", "decaf"],
                            "id": "frappe"
                        }
                    ]
                },

                {
                    "displayName": "Tea",
                    "slug": "tea",
                    "items": [
                        {
                            "name": "Green",
                            "price": 2.95,
                            "options": ["size", "quantity", "hotOrCold"],
                            "id": "green"
                        },
                        {
                            "name": "Jasmine Green",
                            "price": 2.50,
                            "options": ["size", "quantity", "hotOrCold"],
                            "id": "jasmine-green"
                        },
                        {
                            "name": "Chai",
                            "price": 3.05,
                            "options": ["size", "quantity", "hotOrCold"],
                            "id": "chai"
                        },
                        {
                            "name": "Mint",
                            "price": 2.50,
                            "options": ["size", "quantity", "hotOrCold"],
                            "id": "mint"
                        },
                        {
                            "name": "Chamomile",
                            "price": 3.50,
                            "options": ["size", "quantity", "hotOrCold"],
                            "id": "chamomile"
                        }
                    ]
                },

                {
                    "displayName": "Bakery",
                    "slug": "bakery",
                    "items": [
                        {
                            "name": "Croissant",
                            "price": 2.95,
                            "options": ["quantity"],
                            "id": "croissant"
                        },
                        {
                            "name": "Banana Muffin",
                            "price": 2.50,
                            "options": ["quantity"],
                            "id": "banana-muffin"
                        },
                        {
                            "name": "Blueberry Scone",
                            "price": 3.05,
                            "options": ["quantity"],
                            "id": "blueberry-scone"
                        },
                        {
                            "name": "Carrot Cake",
                            "price": 2.50,
                            "options": ["quantity"],
                            "id": "carrot-cake"
                        },
                        {
                            "name": "Home-Made Cookies",
                            "price": 3.50,
                            "options": ["quantity"],
                            "id": "home-made-cookies"
                        }
                    ]
                }
            ]
        },
        {
            "name": "starbucks",
            "address": "123 4th St. Santa Monica, CA 90234",
            "phone": "(818) 438-9832",
            "imageUrl": "http://www.fodors.com/ee/files/slideshows/9-colectivo-coffee.jpg",
            "menu": [
                {
                    "displayName": "Hot Drinks",
                    "slug": "hot-drinks",
                    "items": [
                        {
                            "name": "Latte",
                            "price": 2.95,
                            "options": ["milkType", "size", "quantity", "decaf"],
                            "id": "latte"
                        },
                        {
                            "name": "Americano",
                            "price": 2.50,
                            "options": ["size", "quantity", "decaf"],
                            "id": "americano"
                        },
                        {
                            "name": "Cappucino",
                            "price": 3.05,
                            "options": ["milkType", "size", "quantity", "decaf"],
                            "id": "cappucino"
                        },
                        {
                            "name": "Espresso",
                            "price": 2.50,
                            "options": ["milkType", "size", "quantity", "decaf"],
                            "id": "espresso"
                        },
                        {
                            "name": "Macchiato",
                            "price": 3.50,
                            "options": ["milkType", "size", "quantity", "decaf"],
                            "id": "macchiato"
                        }
                    ]
                },

                {
                    "displayName": "Cold Drinks",
                    "slug": "cold-drinks",
                    "items": [
                        {
                            "name": "Iced Latte",
                            "price": 2.95,
                            "options": ["milkType", "size", "quantity", "decaf"],
                            "id": "iced-latte"
                        },
                        {
                            "name": "Iced Mocha",
                            "price": 2.50,
                            "options": ["milkType", "size", "quantity", "decaf"],
                            "id": "iced-mocha"
                        },
                        {
                            "name": "Iced Chai",
                            "price": 3.05,
                            "options": ["milkType", "size", "quantity", "decaf"],
                            "id": "iced-chai"
                        },
                        {
                            "name": "Iced Coffee",
                            "price": 2.50,
                            "options": ["milkType", "size", "quantity", "decaf"],
                            "id": ""
                        },
                        {
                            "name": "Frappe",
                            "price": 3.50,
                            "options": ["milkType", "size", "quantity", "decaf"],
                            "id": "frappe"
                        }
                    ]
                },

                {
                    "displayName": "Tea",
                    "slug": "tea",
                    "items": [
                        {
                            "name": "Green",
                            "price": 2.95,
                            "options": ["size", "quantity", "hotOrCold"],
                            "id": "green"
                        },
                        {
                            "name": "Jasmine Green",
                            "price": 2.50,
                            "options": ["size", "quantity", "hotOrCold"],
                            "id": "jasmine-green"
                        },
                        {
                            "name": "Chai",
                            "price": 3.05,
                            "options": ["size", "quantity", "hotOrCold"],
                            "id": "chai"
                        },
                        {
                            "name": "Mint",
                            "price": 2.50,
                            "options": ["size", "quantity", "hotOrCold"],
                            "id": "mint"
                        },
                        {
                            "name": "Chamomile",
                            "price": 3.50,
                            "options": ["size", "quantity", "hotOrCold"],
                            "id": "chamomile"
                        }
                    ]
                },

                {
                    "displayName": "Bakery",
                    "slug": "bakery",
                    "items": [
                        {
                            "name": "Croissant",
                            "price": 2.95,
                            "options": ["quantity"],
                            "id": "croissant"
                        },
                        {
                            "name": "Banana Muffin",
                            "price": 2.50,
                            "options": ["quantity"],
                            "id": "banana-muffin"
                        },
                        {
                            "name": "Blueberry Scone",
                            "price": 3.05,
                            "options": ["quantity"],
                            "id": "blueberry-scone"
                        },
                        {
                            "name": "Carrot Cake",
                            "price": 2.50,
                            "options": ["quantity"],
                            "id": "carrot-cake"
                        },
                        {
                            "name": "Home-Made Cookies",
                            "price": 3.50,
                            "options": ["quantity"],
                            "id": "home-made-cookies"
                        }
                    ]
                }
            ]
        }
    ]
}
